
{
    "region" : "eu-west-1",
    "profile" : "default",
    "configuration" : "Release",
    "image-tag"     : "collegeproject:latest",
    "docker-build-working-dir" : "",
    "cluster"                  : "CollegeProject",
    "launch-type"              : "FARGATE",
    "launch-subnets"           : "subnet-97b1f9cd,subnet-cf7977a9,subnet-c3a5bb8b",
    "launch-security-groups"   : "sg-1eb07e44",
    "assign-public-ip"         : true,
    "task-definition-name"     : "CollegeProject",
    "task-cpu"                 : "256",
    "task-memory"              : "512",
    "platform-version"         : "LATEST",
    "task-definition-task-role" : "arn:aws:iam::235629185262:role/ecs_execution_CollegeProject-1",
    "task-execution-role"       : "ecsTaskExecutionRole",
    "container-name"            : "CollegeProject",
    "container-port-mapping"    : "80:80",
    "container-environment-variables" : "\"ASPNETCORE_ENVIRONMENT\"=\"Production\"",
    "skip-image-push"                 : false,
    "cluster-service"                 : "CollegeProject",
    "desired-count"                   : 1,
    "deployment-minimum-healthy-percent" : 50,
    "deployment-maximum-percent"         : 200,
    "vstoolkit-deployment-mode"          : "DeployService"
}